material_code,description,material_type,base_unit,standard_price,currency,hs_code,eccn,fefta_judgment,country_of_origin,weight_kg,last_compliance_check_at,is_active,created_at,updated_at
MAT-1000001,ArF Immersion Photoresist NSP-AR450,FERT,L,85000.00,JPY,3707.90,3B001,APPROVED,JP,1.050,2026-06-28T01:47:55.769911,True,2026-05-03T09:36:28.651985,2026-06-28T01:47:55.771132
MAT-1000002,KrF Photoresist NSP-KR220,FERT,L,62000.00,JPY,3707.90,EAR99,NOT_APPLICABLE,JP,1.020,2026-05-03T09:36:28.654910,True,2026-05-03T09:36:28.654567,2026-05-03T09:36:28.654965
MAT-1000003,EUV Photoresist NSP-EUV13 (Pilot Lot),FERT,L,240000.00,JPY,3707.90,EAR99,NOT_APPLICABLE,JP,1.080,2026-05-03T09:36:28.657125,True,2026-05-03T09:36:28.656746,2026-05-03T09:36:28.657171
MAT-2000001,CMP Slurry for Tungsten NSC-WSL30,FERT,L,12500.00,JPY,3824.99,EAR99,NOT_APPLICABLE,JP,1.200,2026-05-03T09:36:28.658066,True,2026-05-03T09:36:28.657799,2026-05-03T09:36:28.658108
MAT-2000002,CMP Slurry for Copper NSC-CuS18,FERT,L,14800.00,JPY,3824.99,EAR99,NOT_APPLICABLE,JP,1.150,2026-05-03T09:36:28.658892,True,2026-05-03T09:36:28.658652,2026-05-03T09:36:28.658933
MAT-3000001,Buffered Oxide Etchant BOE-7:1,FERT,L,3800.00,JPY,2811.19,3E001,REJECTED,JP,1.100,2026-06-27T23:47:00.593625,True,2026-05-03T09:36:28.659701,2026-06-27T23:47:00.603400
MAT-3000002,SC-1 Cleaning Solution (Standard),FERT,L,2200.00,JPY,3824.99,EAR99,NOT_APPLICABLE,JP,1.050,2026-05-03T09:36:28.662181,True,2026-05-03T09:36:28.661917,2026-05-03T09:36:28.662226
MAT-4000001,High Purity Silane Gas SiH4 6N,FERT,KG,98000.00,JPY,2804.40,3C001,APPLICABLE,JP,1.000,2026-05-03T09:36:28.663081,True,2026-05-03T09:36:28.662837,2026-05-03T09:36:28.663122
MAT-4000002,Tungsten Hexafluoride Process Gas WF6,FERT,KG,145000.00,JPY,2804.40,3C001,APPLICABLE,JP,1.000,2026-05-03T09:36:28.663966,True,2026-05-03T09:36:28.663697,2026-05-03T09:36:28.664007
MAT-4000003,Hafnium Precursor for ALD HfCl4,FERT,KG,320000.00,JPY,2931.90,3C001,APPLICABLE,JP,1.000,2026-05-03T09:36:28.664774,True,2026-05-03T09:36:28.664546,2026-05-03T09:36:28.664813
MAT-9000001,PGMEA Solvent (Electronic Grade),ROH,KG,1800.00,JPY,2901.10,EAR99,NOT_APPLICABLE,JP,,2026-05-03T09:36:28.665538,True,2026-05-03T09:36:28.665324,2026-05-03T09:36:28.665578
MAT-9000002,Hydrogen Peroxide H2O2 31%,ROH,KG,650.00,JPY,3824.99,EAR99,NOT_APPLICABLE,JP,,2026-05-03T09:36:28.666490,True,2026-05-03T09:36:28.666208,2026-05-03T09:36:28.666535
MAT-9000003,Colloidal Silica Particle Slurry Base,ROH,KG,4200.00,JPY,3824.99,EAR99,NOT_APPLICABLE,JP,,2026-05-03T09:36:28.667854,True,2026-05-03T09:36:28.667345,2026-05-03T09:36:28.667895
MAT-9000004,Photoacid Generator PAG-Resin Polymer,HALB,KG,28500.00,JPY,3824.99,EAR99,NOT_APPLICABLE,JP,,2026-05-03T09:36:28.668917,True,2026-05-03T09:36:28.668505,2026-05-03T09:36:28.668957
MAT-9100001,HDPE Chemical Drum 200L (Cleanroom Grade),HAWA,PC,8500.00,JPY,3824.99,EAR99,NOT_APPLICABLE,JP,,2026-05-03T09:36:28.670452,True,2026-05-03T09:36:28.670159,2026-05-03T09:36:28.670496
MAT-9000005,PAG Monomer (Photoacid Generator Precursor),ROH,KG,65000.00,JPY,,,UNKNOWN,JP,,,True,2026-05-03T09:36:34.999963,2026-05-03T09:36:34.999970
MAT-9000006,Quencher Additive (Trioctylamine Solution),ROH,KG,12000.00,JPY,,,UNKNOWN,JP,,,True,2026-05-03T09:36:35.002356,2026-05-03T09:36:35.002359
MAT-9000007,pH Modifier (Aqueous KOH 5%),ROH,KG,1800.00,JPY,,,UNKNOWN,JP,,,True,2026-05-03T09:36:35.003560,2026-05-03T09:36:35.003562
MAT-9000008,Pure Water (DI Water Electronic Grade),ROH,KG,150.00,JPY,,,UNKNOWN,JP,,,True,2026-05-03T09:36:35.004444,2026-05-03T09:36:35.004446
MAT-8000001,PAG Polymer Solution (Intermediate),HALB,KG,0.00,JPY,,,UNKNOWN,JP,,,True,2026-05-03T09:36:35.005443,2026-05-03T09:36:35.005444
MAT-DMIC-001,DRAM Embedded MCU 32bit ARM Cortex-M4 120MHz 4MB LPDRAM,FERT,PC,8500.00,JPY,854800,3A991,PENDING,JP,,2026-06-03T01:58:18.802684,True,2026-05-05T00:52:46.398229,2026-06-03T01:58:18.803367
MAT-DMIC-C01,"LPDRAM Die 4MB 16nm SDRAM (KR origin, JEDEC LPDDR4)",ROH,PC,1200.00,JPY,811261,EAR99,PENDING,KR,,2026-06-03T01:58:18.811176,True,2026-05-05T00:52:46.406895,2026-06-03T01:58:18.811281
MAT-DMIC-C02,ARM Cortex-M4 MCU Core Die 32bit 120MHz FPU DSP (TW fabless),ROH,PC,1800.00,JPY,854040,EAR99,PENDING,TW,,2026-06-03T01:58:18.814913,True,2026-05-05T00:52:46.408085,2026-06-03T01:58:18.814988
MAT-DMIC-C03,"BGA Package Substrate 7x7mm 0.5mm pitch (FC-BGA, semiconductor)",ROH,PC,350.00,JPY,720853,6C004,PENDING,JP,,2026-06-03T01:58:18.818724,True,2026-05-05T00:52:46.409064,2026-06-03T01:58:18.818828
MAT-DMIC-C04,"Gold Bonding Wire 25um 99.99% (thermo-compression, IC assembly)",ROH,M,180.00,JPY,701915,1C005,PENDING,JP,,2026-06-03T01:58:18.822386,True,2026-05-05T00:52:46.409941,2026-06-03T01:58:18.822448
MAT-DMIC-C05,Epoxy Mold Compound Silica-filled (semiconductor encapsulant),ROH,G,12.00,JPY,390730,3C909,PENDING,JP,,2026-06-03T01:58:18.825854,True,2026-05-05T00:52:46.410938,2026-06-03T01:58:18.825913
CTRL-HC200,高精度ハイブリッドコントローラーIC,FERT,PC,12500.00,JPY,8542.39.00,3A001.b.1,UNKNOWN,,,,True,2026-06-07T02:07:15.045704,2026-06-07T02:07:15.045706
SIL-WAF-JP,高純度シリコンウェーハ (日本産),ROH,PC,1200.00,JPY,3818.00.10,3C001,UNKNOWN,JP,,,True,2026-06-07T02:07:15.046574,2026-06-07T02:07:15.046575
SIL-WAF-US,高純度シリコンウェーハ (米国産),ROH,PC,1800.00,JPY,3818.00.10,3C001,UNKNOWN,US,,,True,2026-06-07T02:07:15.046878,2026-06-07T02:07:15.046878
PKG-CERAMIC,セラミックパッケージ材料,ROH,PC,450.00,JPY,8533.00.00,,UNKNOWN,JP,,,True,2026-06-07T02:07:15.047135,2026-06-07T02:07:15.047136
ADH-EPOXY-01,導電性エポキシ接着剤,ROH,G,220.00,JPY,3506.10.00,,UNKNOWN,JP,,,True,2026-06-07T02:07:15.047337,2026-06-07T02:07:15.047338
MAT-R0001,IPA Electronic Grade 99.9% (Isopropyl Alcohol),ROH,L,180.00,JPY,2905.12,EAR99,UNKNOWN,JP,,,True,2026-07-18T22:56:11.328399,2026-07-18T22:56:11.328401
MAT-R0002,NMP N-Methyl-2-pyrrolidone Semiconductor Grade,ROH,KG,850.00,JPY,2933.99,EAR99,UNKNOWN,JP,,,True,2026-07-18T22:56:11.329719,2026-07-18T22:56:11.329720
MAT-R0003,Hydrogen Fluoride HF 49% Electronic Grade,ROH,KG,2200.00,JPY,2811.11,1C350,UNKNOWN,JP,,,True,2026-07-18T22:56:11.330007,2026-07-18T22:56:11.330008
MAT-R0004,Sulfuric Acid H2SO4 98% Ultra-Pure,ROH,KG,120.00,JPY,2807.00,EAR99,UNKNOWN,JP,,,True,2026-07-18T22:56:11.330267,2026-07-18T22:56:11.330267
MAT-R0005,Trimethylaluminum TMAl ALD Precursor (US origin),ROH,KG,180000.00,JPY,2931.90,1C351,UNKNOWN,US,,,True,2026-07-18T22:56:11.330518,2026-07-18T22:56:11.330518
MAT-R0006,Ammonia NH3 Semiconductor Grade 6N,ROH,KG,600.00,JPY,2814.10,EAR99,UNKNOWN,JP,,,True,2026-07-18T22:56:11.330764,2026-07-18T22:56:11.330765
MAT-R0007,Titanium Tetrachloride TiCl4 Semiconductor Grade,ROH,KG,15000.00,JPY,2827.39,EAR99,UNKNOWN,JP,,,True,2026-07-18T22:56:11.331008,2026-07-18T22:56:11.331009
MAT-R0008,TEOS Tetraethyl Orthosilicate CVD Grade (DE origin),ROH,KG,8500.00,JPY,2931.90,EAR99,UNKNOWN,DE,,,True,2026-07-18T22:56:11.331269,2026-07-18T22:56:11.331269
MAT-R0009,Diborane B2H6 Dopant Gas 1% in H2,ROH,KG,95000.00,JPY,2850.00,1C350,UNKNOWN,US,,,True,2026-07-18T22:56:11.331511,2026-07-18T22:56:11.331511
MAT-R0010,Phosphine PH3 Dopant Gas 1% in H2,ROH,KG,85000.00,JPY,2853.90,1C350,UNKNOWN,JP,,,True,2026-07-18T22:56:11.331753,2026-07-18T22:56:11.331754
MAT-R0011,"Specialty Solvent SPE-RU01 (Russian origin, Khimtek)",ROH,KG,1200.00,JPY,2901.10,EAR99,UNKNOWN,RU,,,True,2026-07-18T22:56:11.331993,2026-07-18T22:56:11.331993
MAT-I0001,"ArF Photoresist Base Polymer (US origin, Dow)",HALB,KG,450000.00,JPY,3907.99,3E001,UNKNOWN,US,,,True,2026-07-18T22:56:11.332249,2026-07-18T22:56:11.332250
MAT-I0002,EUV CAR Resist Base Polymer (US/JP origin),HALB,KG,1200000.00,JPY,3907.99,3B001,UNKNOWN,US,,,True,2026-07-18T22:56:11.332497,2026-07-18T22:56:11.332498
MAT-I0003,BARC Anti-Reflective Coating Base Formulation,HALB,KG,95000.00,JPY,3824.99,EAR99,UNKNOWN,US,,,True,2026-07-18T22:56:11.332749,2026-07-18T22:56:11.332750
MAT-I0004,CMP Slurry Concentrate Base (Al2O3 abrasive),HALB,KG,8500.00,JPY,3824.99,EAR99,UNKNOWN,JP,,,True,2026-07-18T22:56:11.333015,2026-07-18T22:56:11.333016
MAT-I0005,Developer TMAH 2.38% Electronic Grade,HALB,L,950.00,JPY,2923.90,EAR99,UNKNOWN,JP,,,True,2026-07-18T22:56:11.333258,2026-07-18T22:56:11.333259
MAT-I0006,"Chemical Pump Assembly (DE origin, Linde subsystem)",HALB,PC,1800000.00,JPY,8413.81,EAR99,UNKNOWN,DE,,,True,2026-07-18T22:56:11.333496,2026-07-18T22:56:11.333496
MAT-I0007,Chemical Process Control PCB Assembly (JP origin),HALB,PC,350000.00,JPY,8537.10,EAR99,UNKNOWN,JP,,,True,2026-07-18T22:56:11.333752,2026-07-18T22:56:11.333752
MAT-I0008,Fluoropolymer PFA Tubing Assembly 1/4inch,HALB,M,12000.00,JPY,3917.29,EAR99,UNKNOWN,US,,,True,2026-07-18T22:56:11.333998,2026-07-18T22:56:11.333999
MAT-F0001,EUV Photoresist EUV-RS100 13.5nm (High-End),FERT,L,2800000.00,JPY,3707.90,3B001,UNKNOWN,JP,,,True,2026-07-18T22:56:11.334235,2026-07-18T22:56:11.334236
MAT-F0002,CMP Slurry for STI Premium NSC-STI45,FERT,KG,8200.00,JPY,3824.99,EAR99,UNKNOWN,JP,,,True,2026-07-18T22:56:11.334476,2026-07-18T22:56:11.334477
MAT-F0003,Spin-on-Carbon Hard Mask SOC-200 (193nm patterning),FERT,L,180000.00,JPY,3707.90,EAR99,UNKNOWN,JP,,,True,2026-07-18T22:56:11.334734,2026-07-18T22:56:11.334735
MAT-F0004,TEOS PECVD Precursor Solution (high-purity blend),FERT,KG,45000.00,JPY,2931.90,EAR99,UNKNOWN,JP,,,True,2026-07-18T22:56:11.334982,2026-07-18T22:56:11.334982
MAT-F0005,Buffered HF Etch Solution 50:1 BOE-50,FERT,L,18000.00,JPY,2811.19,1C350,UNKNOWN,JP,,,True,2026-07-18T22:56:11.335218,2026-07-18T22:56:11.335219
MAT-F0006,W-CMP Slurry Advanced H2O2-free NSC-WSL55,FERT,KG,14500.00,JPY,3824.99,EAR99,UNKNOWN,JP,,,True,2026-07-18T22:56:11.335457,2026-07-18T22:56:11.335457
MAT-F0007,Spin-on-Glass SOG Dielectric NSC-SOG30,FERT,L,95000.00,JPY,3707.90,EAR99,UNKNOWN,JP,,,True,2026-07-18T22:56:11.335713,2026-07-18T22:56:11.335713
MAT-F0008,Photoresist Stripping Solution NMP-Free NSC-STR02,FERT,L,12000.00,JPY,3824.99,EAR99,UNKNOWN,JP,,,True,2026-07-18T22:56:11.335960,2026-07-18T22:56:11.335960
MAT-F0009,Cleaning Chemical Kit SC-2 Formulation,FERT,L,9500.00,JPY,3824.99,EAR99,UNKNOWN,JP,,,True,2026-07-18T22:56:11.336208,2026-07-18T22:56:11.336209
MAT-F0010,Copper Interconnect CMP Slurry NSC-CuP22,FERT,KG,16000.00,JPY,3824.99,EAR99,UNKNOWN,JP,,,True,2026-07-18T22:56:11.336459,2026-07-18T22:56:11.336459
MAT-E0001,Chemical Delivery System CDS-500 (Point-of-Use),FERT,PC,45000000.00,JPY,8419.89,3B001,UNKNOWN,JP,,,True,2026-07-18T22:56:11.336704,2026-07-18T22:56:11.336705
MAT-E0002,Chemical Blending Unit CBU-200 (PFA wetted),FERT,PC,12000000.00,JPY,8419.89,EAR99,UNKNOWN,JP,,,True,2026-07-18T22:56:11.336955,2026-07-18T22:56:11.336955
MAT-E0003,CMP Tool NSC-CMP-Pro100 (300mm wafer process),FERT,PC,850000000.00,JPY,8486.20,3B001,UNKNOWN,JP,,,True,2026-07-18T22:56:11.337203,2026-07-18T22:56:11.337204
MAT-E0004,Wafer Surface Cleaning System WCS-200 (SC-1/SC-2),FERT,PC,350000000.00,JPY,8486.20,3B001,UNKNOWN,JP,,,True,2026-07-18T22:56:11.337452,2026-07-18T22:56:11.337453
MAT-P0001,"Fluoropolymer O-Ring Set (FKM/FFKM, cleanroom)",HAWA,SET,45000.00,JPY,4016.93,EAR99,UNKNOWN,US,,,True,2026-07-18T22:56:11.337699,2026-07-18T22:56:11.337699
MAT-P0002,High-Purity Filter Cartridge 0.05μm PTFE,HAWA,PC,85000.00,JPY,8421.29,EAR99,UNKNOWN,US,,,True,2026-07-18T22:56:11.337950,2026-07-18T22:56:11.337950
MAT-P0003,Mass Flow Controller MFC for Chemical Gas,HAWA,PC,280000.00,JPY,9026.20,EAR99,UNKNOWN,US,,,True,2026-07-18T22:56:11.338197,2026-07-18T22:56:11.338197
MAT-P0004,"PTFE / PFA Fittings Set (1/4, 3/8, 1/2 inch)",HAWA,SET,18000.00,JPY,3917.33,EAR99,UNKNOWN,US,,,True,2026-07-18T22:56:11.338452,2026-07-18T22:56:11.338453
MAT-P0005,Chemical Drum Liner HDPE 200L Cleanroom Grade,HAWA,PC,3500.00,JPY,3923.10,EAR99,UNKNOWN,JP,,,True,2026-07-18T22:56:11.338706,2026-07-18T22:56:11.338707
MAT-M0001,CMP Polishing Pad Conditioner Disc (Diamond),HALB,PC,450000.00,JPY,6804.23,EAR99,UNKNOWN,JP,,,True,2026-07-18T22:56:11.338964,2026-07-18T22:56:11.338964
MAT-M0002,Chemical Distribution Manifold PFA Welded,HALB,PC,320000.00,JPY,3917.39,EAR99,UNKNOWN,JP,,,True,2026-07-18T22:56:11.339219,2026-07-18T22:56:11.339219
MAT-M0003,Automated Chemical Dosing Module (PLC-controlled),HALB,PC,1200000.00,JPY,8537.10,EAR99,UNKNOWN,JP,,,True,2026-07-18T22:56:11.339472,2026-07-18T22:56:11.339473
